{
  "num_texts": 200,
  "embedding_based_diversity": 0.7613374590873718,
  "self_bleu": 32.98378123168685
}