{
  "num_texts": 200,
  "embedding_based_diversity": 0.6291790008544922,
  "self_bleu": 38.94556995394662
}